,Key,Scenario,avg_daily_load,max_daily_load,avg_daily_concentration,max_daily_concentration
0,NH4_sew,No RTC,2766863.7883906956,49576.08969066627,40.94312786794815,0.5506250996325113
1,NH4_sew,RTC,2709844.140648188,38133.08699432998,40.562867904951894,0.5055936089799133
2,NH4_sew,RTC with ensembles,2703919.2784285727,38824.51909026242,40.46837640670452,0.5022135616105763
